name,type,parent
alloc,module,
any,module,
arch,module,
array,module,
ascii,module,
backtrace,module,
borrow,module,
boxed,module,
cell,module,
char,module,
clone,module,
cmp,module,
collections,module,
convert,module,
default,module,
env,module,
error,module,
f32,module,
f64,module,
ffi,module,
fmt,module,
fs,module,
future,module,
hash,module,
hint,module,
iter,module,
marker,module,
mem,module,
net,module,
num,module,
ops,module,
option,module,
os,module,
panic,module,
path,module,
pin,module,
prelude,module,
primitive,module,
processes,module,
ptr,module,
rc,module,
result,module,
slice,module,
str,module,
string,module,
sync,module,
task,module,
thread,module,
time,module,
vec,module,
assert,macro,
assert_eq,macro,
assert_ne,macro,
cfg,macro,
column,macro,
compile_error,macro,
concat,macro,
dbg,macro,
debug_assert,macro,
debug_assert_eq,macro,
debug_assert_ne,macro,
env,macro,
eprint,macro,
eprintln,macro,
file,macro,
format,macro,
format_args,macro,
include,macro,
include_bytes,macro,
include_str,macro,
is_x86_feature_detected,macro,
line,macro,
matches,macro,
module_path,macro,
option_env,macro,
panic,macro,
print,macro,
println,macro,
stringify,macro,
thread_local,macro,
todo,macro,
try,macro,
unimplemented,macro,
unreachable,macro,
vec,macro,
write,macro,
writeln,macro,
cfg_match,macro,
concat_bytes,macro,
concat_idents,macro,
const_format_args,macro,
format_args_nl,macro,
log_syntax,macro,
trace_macros,macro,
alloc,function,alloc
alloc_zeroed,function,alloc
dealloc,function,alloc
handle_alloc_error,function,alloc
realloc,function,alloc
set_alloc_error_hook,function,alloc
take_alloc_error_hook,function,alloc
type_name,function,any
type_name_of_val,function,any
is_aarch64_feature_detected,function,arch
is_riscv_feature_detected,function,arch
is_x86_feature_detected,function,arch
is_arm_feature_detected,function,arch
is_mips64_feature_detected,function,arch
is_mips_feature_detected,function,arch
is_powerpc64_feature_detected,function,arch
is_powerpc_feature_detected,function,arch
from_fn,function,array
from_mut,function,array
from_ref,function,array
try_from_fn,function,array
escape_default,function,ascii
decode_utf16,function,char
from_digit,function,char
from_u32,function,char
from_u32_unchecked,function,char
max,function,cmp
max_by,function,cmp
max_by_key,function,cmp
min,function,cmp
min_by,function,cmp
min_by_key,function,cmp
minmax,function,cmp
minmax_by,function,cmp
minmax_by_key,function,cmp
binary_heap,module,collections
btree_map,module,collections
btree_set,module,collections
hash_map,module,collections
hash_set,module,collections
linked_list,module,collections
vec_deque,module,collections
identity,function,convert
args,function,env
args_os,function,env
current_dir,function,env
current_exe,function,env
home_dir,function,env
join_paths,function,env
remove_var,function,env
set_current_dir,function,env
set_var,function,env
split_paths,function,env
temp_dir,function,env
var,function,env
var_os,function,env
vars,function,env
vars_os,function,env
request_ref,function,error
request_value,function,error
format,function,fmt
write,function,fmt
canonicalize,function,fs
copy,function,fs
create_dir,function,fs
create_dir_all,function,fs
hard_link,function,fs
metadata,function,fs
read,function,fs
read_dir,function,fs
read_link,function,fs
read_to_string,function,fs
remove_dir,function,fs
remove_dir_all,function,fs
remove_file,function,fs
rename,function,fs
set_permissions,function,fs
symlink_metadata,function,fs
write,function,fs
pending,function,future
poll_fn,function,future
ready,function,future
black_box,function,hint
spin_loop,function,hint
unreachable_unchecked,function,hint
copy,function,io
empty,function,io
read_to_string,function,io
repeat,function,io
sink,function,io
stdin,function,io
stdout,function,io
stderr,function,io
empty,function,iter
from_fn,function,iter
once,function,iter
once_with,function,iter
repeat,function,iter
repeat_with,function,iter
successors,function,iter
zip,function,iter
align_of,function,mem
align_of_val,function,mem
discriminant,function,mem
drop,function,mem
forget,function,mem
needs_drop,function,mem
replace,function,mem
size_of,function,mem
size_of_val,function,mem
swap,function,mem
take,function,mem
transmute,function,mem
transmute_copy,function,mem
zeroed,function,mem
catch_unwind,function,panic
panic_any,function,panic
resume_unwind,function,panic
set_hook,function,panic
take_hook,function,panic
absolute,function,path
is_separator,function,path
abort,function,processes
exit,function,processes
id,function,processes
addr_eq,function,ptr
copy,function,ptr
copy_nonoverlapping,function,ptr
drop_in_place,function,ptr
eq,function,ptr
from_mut,function,ptr
from_ref,function,ptr
hash,function,ptr
null,function,ptr
null_mut,function,ptr
read,function,ptr
read_unaligned,function,ptr
read_volatile,function,ptr
replace,function,ptr
slice_from_raw_parts,function,ptr
slice_from_raw_parts_mut,function,ptr
swap,function,ptr
swap_nonoverlapping,function,ptr
write,function,ptr
write_bytes,function,ptr
write_unaligned,function,ptr
write_volatile,function,ptr
from_mut,function,slice
from_raw_parts,function,slice
from_raw_parts_mut,function,slice
from_ref,function,slice
from_boxed_utf8_unchecked,function,str
from_utf8,function,str
from_utf8_mut,function,str
from_utf8_unchecked,function,str
from_utf8_unchecked_mut,function,str
available_parallelism,function,thread
current,function,thread
panicking,function,thread
park,function,thread
park_timeout,function,thread
scope,function,thread
sleep,function,thread
spawn,function,thread
yield_now,function,thread